{"cameraMode":{"drawMode":0,"name":"Shaded","section":"Shading Mode"},"sceneLighting":true,"audioPlay":false,"sceneViewState":{"m_AlwaysRefresh":false,"showFog":true,"showSkybox":true,"showFlares":true,"showImageEffects":true,"showParticleSystems":true,"showVisualEffectGraphs":true,"m_FxEnabled":true},"in2DMode":false,"pivot":{"x":18.817739486694337,"y":0.5293581485748291,"z":25.524282455444337},"rotation":{"x":-0.09177117794752121,"y":0.8405962586402893,"z":-0.15062764286994935,"w":-0.5121404528617859},"size":2.0044338703155519,"orthographic":false}