{"cameraMode":{"drawMode":0,"name":"Shaded","section":"Shading Mode"},"sceneLighting":true,"audioPlay":false,"sceneViewState":{"m_AlwaysRefresh":false,"showFog":true,"showSkybox":true,"showFlares":true,"showImageEffects":true,"showParticleSystems":true,"showVisualEffectGraphs":true,"m_FxEnabled":true},"in2DMode":false,"pivot":{"x":-7.808738708496094,"y":-0.5289187431335449,"z":-5.441226959228516},"rotation":{"x":0.0053977458737790588,"y":-0.004499581642448902,"z":0.00003209212445653975,"w":0.999992847442627},"size":6.807004928588867,"orthographic":true}