{"cameraMode":{"drawMode":0,"name":"Shaded","section":"Shading Mode"},"sceneLighting":true,"audioPlay":false,"sceneViewState":{"m_AlwaysRefresh":false,"showFog":true,"showSkybox":true,"showFlares":true,"showImageEffects":true,"showParticleSystems":true,"showVisualEffectGraphs":true,"m_FxEnabled":true},"in2DMode":false,"pivot":{"x":-0.4256545305252075,"y":0.217004656791687,"z":-0.9243385791778565},"rotation":{"x":0.14078709483146668,"y":-0.1698853224515915,"z":0.024532755836844446,"w":0.9750580787658691},"size":5.425478935241699,"orthographic":true}